1.jpg,1160,1996,,
1001.jpg,1648,3243,,
1009.jpg,1577,1928,,
1017.jpg,1011,2684,,
1025.jpg,2050,2170,,
1033.jpg,1134,2640,,
1041.jpg,1313,1902,,
1049.jpg,1816,2785,,
105.jpg,X,Y,1,
1057.jpg,1268,1398,,
1065.jpg, X, Y ,1,
1073.jpg,1200,2781,,
1081.jpg, X, Y ,1,
1089.jpg, X, Y ,1,
1097.jpg,1212,1746,,
11.jpg,1246,1165,,
1105.jpg,1186,2451,,
1113.jpg,976,1654,,
1121.jpg,1000,1459,,
1129.jpg,2452,2293,,
113.jpg,1279,1635,,
1137.jpg,1471,1434,,
1145.jpg, X, Y ,1,
1153.jpg,1073,1230,,
1161.jpg,914,1328,,
1169.jpg,1615,2104,,
1177.jpg,2181,1318,,
1185.jpg,1700,1407,,
1193.jpg, X, Y ,1,
1201.jpg,1302,1186,,
1209.jpg,1250,1393,,
121.jpg,1436,1398,,
1217.jpg, X, Y ,1,
1225.jpg,1816,2305,,
1233.jpg,1091,1407,,
1241.jpg,1603,1504,,
1249.jpg, X, Y ,1,
1257.jpg,1257,1567,,
1265.jpg,1279,2048,,
1273.jpg,937,1667,,
1281.jpg,1614,2628,,
1289.jpg,1458,3276,,
129.jpg,2251,2260,,
1297.jpg,1536,2707,,
1305.jpg,1480,2528,,
1313.jpg, X, Y ,1,
1321.jpg,1338,1292,,
1329.jpg,1294,1451,,
1337.jpg,1067,1132,,
1345.jpg,1503,2047,,
1353.jpg,1294,1177,,
1361.jpg,1916,1712,,
1369.jpg,1530,1823,,
137.jpg,1324,2495,,
1377.jpg,977,2181,,
1385.jpg,1223,2282,,
1393.jpg,2123,1710,,
1401.jpg,1927,1065,,
1409.jpg,1002,1645,,
1417.jpg,1525,2562,,
1425.jpg,X,Y,1,
1433.jpg,1101,3109,,
1441.jpg,1514,1292,,
1449.jpg,1413,2852,,
145.jpg,1569,2505,,
1457.jpg,1715,2316,,
1465.jpg,1435,1345,,
1473.jpg,676,1322,,
153.jpg,1279,1813,,
161.jpg,1078,2148,,
169.jpg,1479,1562,,
17.jpg,1759,1790,,
177.jpg,1268,1460,,
185.jpg, X, Y ,1,
193.jpg,900,1534,,
201.jpg,1592,1434,,
209.jpg,1257,1345,,
217.jpg, X, Y ,1,
225.jpg,1502,2338,,
233.jpg,1335,1869,,
241.jpg,1368,1556,,
249.jpg,X, Y ,1,
257.jpg,1138,859,,
265.jpg, X, Y ,1,
273.jpg, X, Y ,1,
281.jpg,1190,1433,,
289.jpg,977,975,,
297.jpg,1541,1363,,
305.jpg,1033,2572,,
313.jpg,1503,2919,,
321.jpg,1793,2951,,
329.jpg,1046,1530,,
337.jpg, X, Y ,1,
345.jpg,1152,1831,,
353.jpg,1435,1151,,
361.jpg,1603,2036,,
369.jpg,1971,1545,,
377.jpg,1311,1477,,
385.jpg,1665,1937,,
393.jpg,1082,1098,,
401.jpg,1447,2165,,
409.jpg, X, Y ,1,
41.jpg,985,1813,,
417.jpg,1356,1690,,
425.jpg,2061,1199,,
433.jpg,1533,1681,,
441.jpg,1188,1301,,
449.jpg,866,2126,,
457.jpg,877,2025,,
465.jpg,1011,2307,,
473.jpg,1491,2148,,
481.jpg,1547,2137,,
489.jpg,1532,1002,,
497.jpg,1302,1354,,
505.jpg, X, Y ,1,
513.jpg,1214,2122,,
521.jpg,1592,2003,,
529.jpg,1592,3477,,
537.jpg,1670,1389,,
545.jpg,1033,1523,,
553.jpg,1215,1266,,
561.jpg,1637,3154,,
569.jpg,1126,2043,,
57.jpg,911,1233,,
577.jpg,1523,1124,,
585.jpg,1749,1422,,
593.jpg, X, Y ,1,
601.jpg, X, Y ,1,
609.jpg, X, Y ,1,
617.jpg,1418,948,,
625.jpg, X, Y ,1,
633.jpg,870,1990,,
641.jpg,509,1411,,
649.jpg,1458,2416,,
65.jpg,1029,1760,,
657.jpg, X, Y ,1,
665.jpg,922,1221,,
673.jpg,1413,1579,,
681.jpg,855,2271,,
689.jpg, X, Y ,1,
697.jpg,958,1734,,
705.jpg,1614,1679,,
713.jpg,1636,1556,,
721.jpg,1647,1672,,
729.jpg, X, Y ,1,
73.jpg,1479,1186,,
737.jpg,1170,1319,,
745.jpg,1479,1859,,
753.jpg,744,1783,,
761.jpg,1314,545,,
769.jpg,1706,1670,,
777.jpg,1614,2539,,
785.jpg,1000,1623,,
793.jpg,1129,1732,,
801.jpg,1124,1562,,
809.jpg,1317,1589,,
81.jpg,1726,1545,,
817.jpg,2028,2729,,
825.jpg,1480,1333,,
833.jpg,232,350,,
841.jpg,1126,1637,,
849.jpg,1245,1601,,
857.jpg, X, Y ,1,
865.jpg,1469,2930,,
873.jpg, X, Y ,1,
881.jpg,1089,1303,,
889.jpg,1849,2796,,
89.jpg,923,1990,,
897.jpg,1020,1195,,
9.jpg,1971,1567,,
905.jpg,1592,2494,,
913.jpg,1660,1702,,
921.jpg, X, Y ,1,
929.jpg,2340,2818,,
937.jpg,1346,1891,,
945.jpg, X, Y ,1,
953.jpg,1149,2237,,
961.jpg,1007,1767,,
969.jpg,1380,1467,,
97.jpg,1235,1992,,
977.jpg,1637,2439,,
985.jpg,1020,1398,,
993.jpg,1070,1336,,
16.jpg,1391,2271,,
18.jpg,1458,2684,,
20.jpg,1285,1972,,
23.jpg,1383,3187,,
2.jpg,1357,1096,,
82.jpg,1860,2606,,
98.jpg,1060,2137,,
106.jpg,1144,1442,,
10.jpg,1726,2763,,
114.jpg,1047,1054,,
34.jpg,1447,1590,,
130.jpg,1321,2202,,
26.jpg,1427,1319,,
146.jpg,688,1869,,
154.jpg,1135,1451,,
138.jpg,1860,2282,,
42.jpg,1335,2170,,
170.jpg,1321,2255,,
194.jpg,1291,1076,,
66.jpg,1637,1813,,
202.jpg,1860,1623,,
74.jpg,1436,2340,1,
218.jpg,877,2930,,
226.jpg,1089,2640,,
242.jpg,1346,2037,,
90.jpg,1681,2047,,
298.jpg,1109,1195,,
306.jpg,1458,1802,,
258.jpg,1409,1151,,
338.jpg,1145,2160,,
346.jpg,1659,1456,,
122.jpg,1447,2014,,
322.jpg,1347,1566,,
434.jpg,1592,1288,1,
162.jpg,1082,1292,1,
362.jpg,1073,1036,,
370.jpg,475,1344,,
562.jpg,1603,2584,,
178.jpg,1289,1670,,
578.jpg,877,2405,,
186.jpg,1436,2874,,
402.jpg,1109,1425,,
426.jpg,738,1743,,
210.jpg,1838,1389,,
450.jpg,1693,1121,,
466.jpg,1453,1655,,
234.jpg,1470,2008,,
498.jpg,1435,1284,,
250.jpg,1271,1513,,
266.jpg,1863,1805,,
514.jpg,1268,1743,,
274.jpg,1020,1645,,
530.jpg,1894,1199,,
554.jpg,1444,1389,,
802.jpg,933,2886,,
282.jpg,1112,1400,,
810.jpg,2229,1724,,
290.jpg,764,1849,,
594.jpg,1417,2394,,
842.jpg,1749,2763,,
626.jpg,1358,2763,,
890.jpg,1235,2282,,
314.jpg,1369,2774,,
906.jpg,1215,1884,,
650.jpg,922,1411,,
330.jpg,1447,1288,,
930.jpg,1592,2137,,
354.jpg,255,268,,
682.jpg,1541,1381,,
690.jpg,1506,433,,
1026.jpg,1023,2361,,
706.jpg,1400,1257,,
378.jpg,1704,2595,1,
386.jpg,2698,2227,1,
746.jpg,2084,2450,,
394.jpg,1224,1557,,
1154.jpg,1374,1469,,
770.jpg,1047,1990,,
1194.jpg,1559,1568,1,
1202.jpg,952,1805,,
778.jpg,1618,1062,,
410.jpg,1603,2025,,
418.jpg,419,2394,,
1226.jpg,1402,1590,,
818.jpg,1224,1372,,
1274.jpg,1391,942,,
442.jpg,685,1266,1,
866.jpg,1197,2140,,
1314.jpg,941,1760,,
898.jpg,985,2123,,
1346.jpg,1537,1455,,
1370.jpg,1497,2131,,
914.jpg,1197,1681,,
458.jpg,1447,1489,,
474.jpg,1938,1892,1,
482.jpg,1135,1381,,
954.jpg,1939,1999,,
962.jpg,1073,727,,
490.jpg,976,1575,,
986.jpg,1003,1345,,
506.jpg,1402,2584,,
1034.jpg,976,1027,1,
522.jpg,1458,2606,,
1082.jpg,1718,1680,,
538.jpg,1285,1734,,
546.jpg,1029,2017,,
1162.jpg,1382,1434,,
570.jpg,1188,1858,,
586.jpg,1188,1169,,
602.jpg,1577,1125,,
610.jpg,2106,1601,,
618.jpg,1250,1655,,
1306.jpg,1568,1557,,
634.jpg,1073,1575,,
642.jpg,2441,1310,,
658.jpg,1207,2383,,
1394.jpg,1356,1928,,
666.jpg,1212,2562,,
674.jpg,1568,2361,,
1402.jpg,1488,1036,,
1410.jpg,1570,2271,,
698.jpg,1938,674,,
1434.jpg,1838,2528,,
1442.jpg,1011,2249,,
714.jpg,1603,3109,,
1458.jpg,1427,2078,,
722.jpg,1480,1743,,
730.jpg,1603,1593,,
738.jpg,1374,1575,,
754.jpg,1647,1725,,
762.jpg,1402,2081,,
786.jpg,1215,1275,,
794.jpg,1693,2439,,
826.jpg,1101,1802,,
834.jpg,1402,2640,1,
850.jpg,1570,1858,,
858.jpg,1927,2495,,
874.jpg,967,2249,,
882.jpg,1533,2052,,
922.jpg,1153,1725,,
938.jpg,1486,1343,,
946.jpg,879,1345,,
970.jpg,1380,2606,,
978.jpg,1458,2148,,
994.jpg,994,1892,,
1002.jpg,959,1646,,
1010.jpg,976,1443,,
1018.jpg,2519,2449,,
1042.jpg,2039,2137,,
1050.jpg,1109,1248,,
1058.jpg,1469,2137,,
1066.jpg,1637,2282,,
1074.jpg,2184,1847,1,
1090.jpg,1480,1893,,
1098.jpg,1400,992,,
1106.jpg,1324,1590,,
1114.jpg,1171,1548,,
1122.jpg,1550,2025,,
1130.jpg,1258,1672,,
1138.jpg,2315,1929,1,
1146.jpg,1481,1947,,
1170.jpg,780,1593,,
1178.jpg,1201,2059,,
1186.jpg,1250,1787,,
1210.jpg,1436,1735,,
1218.jpg,1056,1407,,
1234.jpg,1660,1699,,
1242.jpg,2072,1467,,
1250.jpg,822,1534,,
1258.jpg,1276,1390,,
1266.jpg,1099,1125,,
1282.jpg,1157,1679,,
1290.jpg,1206,2211,,
1298.jpg,1329,1398,,
1322.jpg,1648,1512,,
1330.jpg,1413,1422,,
1338.jpg,1793,1947,1,
1354.jpg,464,2105,,
1362.jpg,906,983,1,
1378.jpg,2072,1300,,
1386.jpg,1670,1824,,
1418.jpg,1384,2160,,
1426.jpg,1852,1974,,
1450.jpg,1358,2416,,
1466.jpg,1715,1767,,
1474.jpg,1671,2081,,
1003.jpg,1147,1662,,
1011.jpg,941,2036,,
1019.jpg,1125,2115,,
1027.jpg,1205,1946,,
1035.jpg,1771,1397,,
1043.jpg,1001,1344,,
1051.jpg,739,2754,,
1059.jpg,1491,926,,
1067.jpg,X, Y,1,
107.jpg,2063,1262,,
1075.jpg,1321,1778,,
1083.jpg,1649,2109,,
1091.jpg,1368,1610,,
1099.jpg,1457,1307,,
1107.jpg,1019,1495,,
1115.jpg,896,2238,,
1123.jpg,1446,3102,,
1131.jpg,1412,1621,,
1139.jpg,1435,1363,,
1147.jpg,1502,1924,,
115.jpg,1278,1431,,
1155.jpg,X, Y,1,
1163.jpg,1081,1415,,
1171.jpg,1345,2328,,
1179.jpg,1738,2743,,
1187.jpg,939,1840,,
1195.jpg,836,2097,,
1203.jpg,2097,2171,,
1211.jpg,726,1042,,
1219.jpg,877,1982,,
1227.jpg,1480,2530,,
123.jpg,1250,1486,,
1235.jpg,1205,1415,,
1243.jpg,1436,1823,,
1251.jpg,X, Y,1,
1259.jpg,1090,1441,,
1267.jpg,1592,2047,,
1275.jpg,1906,1767,,
1284.jpg,1715,2406,,
1291.jpg,1205,1690,,
1299.jpg,1581,3191,,
1307.jpg,X, Y,1, 
131.jpg,1276,1512,,
1315.jpg,X, Y,1, 
1323.jpg,X, Y,1, 
1331.jpg,X, Y,1, 
1004.jpg,1147,1662,,
1011.jpg,941,2036,,
1019.jpg,1125,2115,,
1027.jpg,1205,1946,,
1035.jpg,1771,1397,,
1043.jpg,1001,1344,,
1051.jpg,739,2754,,
1059.jpg,1491,926,,
1067.jpg,X,Y,1,
107.jpg,2063,1262,,
1075.jpg,1321,1778,,
1083.jpg,1649,2109,,
1091.jpg,1368,1610,,
1099.jpg,1457,1307,,
1107.jpg,1019,1495,,
1115.jpg,896,2238,,
1123.jpg,1446,3102,,
1131.jpg,1412,1621,,
1139.jpg,1435,1363,,
1147.jpg,1502,1924,,
115.jpg,1278,1431,,
1155.jpg,X,Y,1,
1163.jpg,1081,1415,,
1171.jpg,1345,2328,,
1179.jpg,1738,2743,,
1187.jpg,939,1840,,
1195.jpg,836,2097,,
1203.jpg,2097,2171,,
1211.jpg,726,1042,,
1219.jpg,877,1982,,
1227.jpg,1480,2530,,
123.jpg,1250,1486,,
1235.jpg,1205,1415,,
1243.jpg,1436,1823,,
1251.jpg,X,Y,1,
1259.jpg,1090,1441,,
1267.jpg,1592,2047,,
1275.jpg,1906,1767,,
1284.jpg,1715,2406,,
1291.jpg,1205,1690,,
1299.jpg,1581,3191,,
1307.jpg,X,Y,1,
131.jpg,1276,1512,,
1315.jpg,X,Y,1,
1323.jpg,X,Y,1,
1331.jpg,X,Y,1,
1347.jpg,1208,1650,,
1355.jpg,1370,1814,,
1363.jpg,1805,2459,,
1371.jpg,1416,1732,,
1379.jpg,1226,2062,,
1387.jpg,1623,2506,,
139.jpg,1665,1914,,
1395.jpg,1581,2336,,
1403.jpg,1036,2121,,
1411.jpg,1154,2844,,
1419.jpg,1606,2053,,
1427.jpg,1145,1220,,
1435.jpg,989,894,,
1443.jpg,1300,1229,,
1451.jpg,1009,1984,,
1459.jpg,1330,1647,,
1467.jpg,1437,1780,,
147.jpg,X,Y,1,
1475.jpg,1427,938,,
155.jpg,1149,1265,,
163.jpg,X,Y,1,
171.jpg,1226,2522,,
179.jpg,X,Y,1,
187.jpg,490,1943,,
19.jpg,1623,2463,,
195.jpg,1203,1239,,
203.jpg,1126,801,,
211.jpg,1036,1426,,
219.jpg,1179,1854,,
227.jpg,1124,2315,,
235.jpg,X,Y,1,
243.jpg,1661,2844,,
25.jpg,1032,2095,,
251.jpg,1260,1359,,
259.jpg,1577,1195,,
267.jpg,1357,1934,,
27.jpg,X,Y,1,
275.jpg,X,Y,1,
283.jpg,1230,2032,,
291.jpg,1492,1529,,
299.jpg,1648,2687,,
300.jpg,1327,1931,,
307.jpg,1280,1840,,
315.jpg,1386,1664,,
323.jpg,1226,794,,
331.jpg,1046,1179,,
339.jpg,1350,694,,
347.jpg,1437,2176,,
35.jpg,1526,2620,,
355.jpg,1290,1637,,
363.jpg,1052,2565,,
371.jpg,1290,1576,,
379.jpg,1141,2924,,
387.jpg,1447,1897,,
385.jpg,879,2298,,
403.jpg,1462,2049,,
411.jpg,1129,2606,,
419.jpg,2228,1216,,
427.jpg,1581,1453,,
43.jpg,562,2497,,
435.jpg,1333,1289,,
443.jpg,1606,2573,,
451.jpg,1019,1560,,
459.jpg,X,Y,1,
467.jpg,1276,1105,,
475.jpg,1391,2801,,
483.jpg,1602,1846,,
491.jpg,1695,1981,,
499.jpg,1597,1169,,
507.jpg,1856,1960,,
51.jpg,1657,2815,,
515.jpg,1293,1342,,
523.jpg,2070,1494,,
531.jpg,2032,2529,,
539.jpg,728,1550,,
547.jpg,1069,1891,,
555.jpg,1383,1851,,
563.jpg,1433,1098,,
571.jpg,1133,1386,,
579.jpg,1188,1592,,
587.jpg,1106,1663,,
595.jpg,2033,1736,,
603.jpg,1864,2117,,
611.jpg,1517,2467,,
619.jpg,X,Y,1,
627.jpg,1621,1276,,
635.jpg,X,Y,1,
643.jpg,1450,1606,,
651.jpg,1310,1926,,
659.jpg,1162,2146,,
667.jpg,1868,2210,,
67.jpg,962,1473,,
675.jpg,1176,1025,,
683.jpg,1577,700,,
691.jpg,1310,1907,,
699.jpg,1584,2232,,
707.jpg,1163,1536,,
715.jpg,1407,1385,,
723.jpg,1395,1681,,
731.jpg,1561,1523,,
739.jpg,889,1737,,
747.jpg,1462,2184,,
75.jpg,1129,1510,,
755.jpg,1505,2615,,
763.jpg,1594,2801,,
771.jpg,1200,1609,,
779.jpg,1226,2121,,
787.jpg,1109,1192,,
795.jpg,1106,1336,,
803.jpg,1310,801,,
811.jpg,812,1128,,
819.jpg,1344,3089,,
827.jpg,815,1469,,
83.jpg,1390,1683,,
835.jpg,1049,1580,,
843.jpg,1126,1566,,
851.jpg,1086,1707,,
859.jpg,1283,1663,,
867.jpg,1283,1536,,
875.jpg,1333,1606,,
883.jpg,1253,1419,,
891.jpg,1555,1677,,
899.jpg,1347,1128,,
907.jpg,1223,2011,,
91.jpg,1949,751,,
915.jpg,1977,2018,,
923.jpg,X,Y,1,
931.jpg,1401,2580,,
939.jpg,1818,2404,,
947.jpg,1391,2176,,
955.jpg,1171,1148,,
963.jpg,1327,1766,,
971.jpg,1581,1465,,
979.jpg,1367,1620,,
987.jpg,1078,1711,,
99.jpg,1103,1596,,
995.jpg,925,1135,,
33.jpg,1241,1902,,
38.jpg,1506,1681,,
4.jpg,1626,1467,,
108.jpg,1324,1311,,
12.jpg,989,2182,,
124.jpg,922,2349,,
132.jpg,1506,1487,,
28.jpg,1291,1311,,
36.jpg,1250,1893,,
172.jpg,1515,1186,,
44.jpg,2296,853,,
148.jpg,1603,3198,,
52.jpg,1338,1981,,
188.jpg,1804,2014,,
180.jpg,1369,1724,,
60.jpg,1603,1230,,
196.jpg,1102,1797,,
68.jpg,817,1628,1,
212.jpg,861,1010,,
76.jpg,1860,1624,,
220.jpg,1277,1866,,
84.jpg,1335,2807,,
252.jpg,1190,1344,,
228.jpg,1302,1691,,
92.jpg,1603,1445,,
308.jpg,1012,1019,,
260.jpg,1259,1160,,
100.jpg,1514,1310,,
292.jpg,1171,1098,,
116.jpg,1469,1612,1,
356.jpg,1838,2562,,
300.jpg,1144,1522,,
396.jpg,1206,1637,,
140.jpg,1171,1760,,
324.jpg,959,1390,,
484.jpg,1771,2372,,
156.jpg,1503,2249,,
516.jpg,1581,2271,,
164.jpg,1559,1568,,
532.jpg,1771,1566,,
380.jpg,1330,1522,,
580.jpg,1592,2428,,
596.jpg,1241,1080,,
204.jpg,1212,1389,,
620.jpg,2151,1300,,
436.jpg,1135,1549,,
660.jpg,623,886,,
468.jpg,2374,2461,,
668.jpg,1162,2070,,
700.jpg,1481,1668,,
708.jpg,1425,2852,,
236.jpg,1091,1381,,
492.jpg,1358,2126,,
244.jpg,1020,1142,,
732.jpg,1503,1524,1,
500.jpg,1391,1929,,
268.jpg,243,298,,
764.jpg,1222,1625,,
276.jpg,3270,2281,,
284.jpg,1224,1142,,
836.jpg,1347,1990,,
604.jpg,1356,1716,,
628.jpg,1469,1344,,
316.jpg,1023,1925,1,
636.jpg,861,2070,,
908.jpg,1082,1637,,
332.jpg,1414,1780,,
340.jpg,1302,1679,,
972.jpg,1581,2707,,
348.jpg,1717,1704,,
364.jpg,866,1758,1,
692.jpg,1144,1425,,
372.jpg,1726,2271,,
1100.jpg,1047,1657,,
740.jpg,906,904,,
388.jpg,1793,2026,,
404.jpg,1659,1802,,
1204.jpg,1615,1925,,
1220.jpg,1682,3356,,
780.jpg,1162,1363,1,
788.jpg,1109,1425,,
796.jpg,914,1769,,
412.jpg,2072,2484,,
812.jpg,1153,1760,,
820.jpg,756,1787,,
420.jpg,1615,2830,,
428.jpg,1153,1425,,
828.jpg,1356,1504,,
444.jpg,1804,1478,,
1308.jpg,1615,2539,,
876.jpg,1302,1914,,
1324.jpg,1391,1847,,
892.jpg,1259,1884,,
452.jpg,1358,2048,,
900.jpg,1760,2997,,
916.jpg,1492,2796,,
924.jpg,1400,896,,
460.jpg,1134,1456,,
476.jpg,1285,1266,,
1468.jpg,1312,1231,,
980.jpg,1312,1902,,
996.jpg,1294,1778,,
1004.jpg,1541,1646,,
1020.jpg,1135,1769,,
1028.jpg,1082,1231,,
508.jpg,1383,1469,,
1052.jpg,1903,956,1,
1060.jpg,897,1381,,
524.jpg,1525,2282,,
1092.jpg,1418,1063,1,
1108.jpg,1687,1977,1,
540.jpg,1268,1914,,
548.jpg,1011,2897,,
556.jpg,1603,2852,,
1164.jpg,1116,2059,1,
564.jpg,1179,2317,,
572.jpg,1400,1840,,
588.jpg,1285,1513,,
1244.jpg,1088,2262,,
1252.jpg,2521,1150,,
1268.jpg,1268,1310,,
612.jpg,1391,2260,,
1284.jpg,1100,829,1,
1300.jpg,835,648,,
1332.jpg,897,1831,,
644.jpg,1581,2584,,
1364.jpg,1029,1487,,
652.jpg,1648,2416,,
1372.jpg,2195,1049,,
1396.jpg,1514,2428,,
676.jpg,1771,3187,,
1404.jpg,1259,1372,,
684.jpg,2363,920,1,
1412.jpg,1548,2294,,
1420.jpg,1338,1390,,
716.jpg,1312,1902,1,
1460.jpg,1659,1668,,
724.jpg,1414,1914,,
748.jpg,1592,1568,,
756.jpg,1056,1725,,
772.jpg,1268,1333,,
804.jpg,1670,1244,1,
844.jpg,1330,1328,,
852.jpg,1268,1796,,
860.jpg,1302,1590,,
868.jpg,835,1266,,
884.jpg,1704,996,,
932.jpg,2050,2662,,
940.jpg,1550,1292,,
948.jpg,1101,1959,,
956.jpg,1592,1802,,
964.jpg,1749,2595,,
988.jpg,1171,1593,,
1012.jpg,1492,2316,,
1036.jpg,1276,1381,,
1044.jpg,2071,1372,,
1068.jpg,1726,1858,,
1076.jpg,1312,1434,,
1084.jpg,967,1735,,
1116.jpg,1961,2034,1,
1124.jpg,1704,3020,,
1132.jpg,1413,1668,,
1140.jpg,1726,2919,,
1148.jpg,1425,1568,,
1156.jpg,1135,1204,1,
1172.jpg,1118,1707,,
1180.jpg,1492,2003,,
1188.jpg,1188,1734,,
1196.jpg,1447,1657,,
1212.jpg,1480,1746,,
1228.jpg,1816,2383,,
1236.jpg,1726,1478,1,
1260.jpg,1029,1231,,
1276.jpg,1391,1354,1,
1292.jpg,1418,1813,,
1316.jpg,1347,1451,,
1340.jpg,1134,1780,,
1348.jpg,1065,1266,1,
1356.jpg,1268,2517,,
1380.jpg,1201,1411,,
1388.jpg,1704,2037,,
1428.jpg,1418,1769,,
1436.jpg,1894,2886,,
1444.jpg,911,1248,,
1452.jpg,1365,807,,
1476.jpg,1259,1301,,
49.jpg,1232,1390,,
50.jpg,1259,1142,,
70.jpg,1468,2136,,
6.jpg,1603,2037,,
14.jpg,1126,1760,,
118.jpg,1383,1213,,
22.jpg,1793,2137,,
150.jpg,1436,1646,,
102.jpg,994,1672,,
158.jpg,1012,1019,,
166.jpg,1374,487,,
142.jpg,1615,2450,,
174.jpg,1559,1610,,
46.jpg,1321,1496,,
54.jpg,1179,1672,,
214.jpg,1427,2070,,
230.jpg,1126,1928,,
78.jpg,1469,1512,,
222.jpg,1497,1434,,
254.jpg,1402,1992,,
86.jpg,1480,2220,,
262.jpg,1581,2215,,
294.jpg,1737,2606,,
94.jpg,1648,2215,,
334.jpg,1997,1494,,
286.jpg,1693,2316,,
110.jpg,1206,1778,,
342.jpg,889,1780,,
126.jpg,1749,2014,,
318.jpg,1029,1487,,
134.jpg,1637,2081,,
446.jpg,1153,1663,,
454.jpg,1481,1017,,
470.jpg,1603,2181,,
478.jpg,1285,1372,,
518.jpg,1670,1076,,
350.jpg,853,1778,,
550.jpg,1047,1213,,
558.jpg,1276,1672,,
182.jpg,1693,1400,,
390.jpg,975,1544,,
190.jpg,1336,1445,,
582.jpg,2047,1402,,
198.jpg,1715,1690,,
206.jpg,1034,2059,,
422.jpg,1118,1716,,
430.jpg,1581,1367,,
710.jpg,2013,2599,,
238.jpg,1683,1001,,
494.jpg,1356,1937,,
246.jpg,1592,1411,,
510.jpg,1188,1160,,
270.jpg,1224,1716,,
278.jpg,1693,2886,,
590.jpg,1418,1222,,
814.jpg,1179,1896,,
598.jpg,1704,1612,,
846.jpg,1180,1570,,
606.jpg,1334,1231,,
302.jpg,1427,1443,,
310.jpg,1346,2282,,
630.jpg,1317,2342,,
638.jpg,1203,1316,,
326.jpg,1930,1208,,
646.jpg,1302,1458,,
918.jpg,1548,2081,,
654.jpg,1211,2909,,
670.jpg,2216,1473,,
982.jpg,993,1909,,
358.jpg,1232,1345,,
998.jpg,1321,1522,,
1014.jpg,1648,1947,,
694.jpg,1426,2919,,
366.jpg,1135,1734,,
1070.jpg,1338,1080,,
374.jpg,1503,2126,,
734.jpg,1535,1503,,
382.jpg,959,2370,,
742.jpg,1399,126,,
750.jpg,1486,1553,,
1134.jpg,1190,1378,,
398.jpg,1324,1735,,
758.jpg,1844,1049,,
1174.jpg,1268,1734,,
766.jpg,1603,2361,,
1190.jpg,1144,1752,,
406.jpg,1548,2461,,
774.jpg,2188,1679,,
782.jpg,1232,1893,,
806.jpg,1372,1202,,
414.jpg,1603,1266,,
822.jpg,860,1296,,
1230.jpg,1402,2573,,
438.jpg,976,2131,,
870.jpg,860,1296,,
878.jpg,860,1296,,
1326.jpg,1162,1345,,
902.jpg,1224,1328,,
910.jpg,560,1442,,
1390.jpg,2106,3187,,
1414.jpg,1436,1688,,
462.jpg,1469,1590,,
1422.jpg,1492,2182,,
1430.jpg,1503,1903,,
950.jpg,1262,1582,,
486.jpg,1144,1813,,
502.jpg,1259,1681,,
1030.jpg,1250,1513,,
1062.jpg,1515,1584,1,
526.jpg,1188,1381,,
1086.jpg,1268,1892,,
534.jpg,1570,2796,,
1094.jpg,1078,2059,,
1110.jpg,1091,2405,,
542.jpg,914,630,,
1150.jpg,1056,1266,,
1166.jpg,1232,2070,,
566.jpg,1144,1284,,
1182.jpg,1215,1849,,
574.jpg,1391,3042,,
1206.jpg,1525,1981,,
1254.jpg,1100,1504,1,
1270.jpg,1570,328,,
1278.jpg,1224,1557,,
614.jpg,1140,2008,,
1286.jpg,923,754,,
622.jpg,1550,2162,,
1350.jpg,985,1805,,
1366.jpg,1294,1990,,
1374.jpg,420,1478,,
662.jpg,2824,1464,,
1382.jpg,1047,1813,,
678.jpg,1442,1258,,
686.jpg,1104,744,,
702.jpg,1525,2550,,
718.jpg,1377,2109,,
1470.jpg,1224,1337,,
726.jpg,1687,1210,,
790.jpg,1488,2614,,
798.jpg,1391,1872,,
830.jpg,1548,1534,,
838.jpg,1414,2318,,
854.jpg,947,754,,
862.jpg,1447,2215,,
886.jpg,1302,1722,,
894.jpg,1052,2942,,
926.jpg,1197,1335,,
934.jpg,2421,2502,,
942.jpg,1347,1248,,
958.jpg,1053,2064,,
966.jpg,1682,2361,,
974.jpg,1147,998,,
990.jpg,1159,1103,,
1006.jpg,2064,1536,1,
1022.jpg,1215,1866,,
1038.jpg,1020,1513,,
1046.jpg,782,1778,,
1054.jpg,1294,1557,,
1078.jpg,818,833,,
1102.jpg,1035,910,1,
1118.jpg,1458,1624,,
1126.jpg,1621,1893,,
1142.jpg,1201,2294,,
1158.jpg,1206,1443,,
1198.jpg,1548,1646,,
1214.jpg,1481,2093,,
1222.jpg,1012,992,,
1238.jpg,1186,1670,,
1246.jpg,1330,1593,,
1262.jpg,1232,1257,,
1294.jpg,1201,1880,,
1302.jpg,989,1668,,
1310.jpg,1626,2294,,
1318.jpg,1525,2316,,
1334.jpg,1871,1355,,
1342.jpg,1639,1407,,
1358.jpg,1704,2551,,
1398.jpg,1536,1411,,
1406.jpg,1425,1266,,
1438.jpg,1603,1643,1,
1446.jpg,1294,1425,,
1454.jpg,1391,595,,
1462.jpg,1749,2785,,
1478.jpg,1135,1142,,
1007.jpg,1028,1668,,
1015.jpg,1356,1206,,
1023.jpg,,,,
103.jpg,1285,1561,,
1031.jpg,1412,2626,,
1039.jpg,1348,1321,,
1047.jpg,1365,913,,
1055.jpg,1063,1339,,
1063.jpg,734,1659,,
1071.jpg,1232,1570,,
1079.jpg,1214,1321,,
1087.jpg,1214,2067,,
1095.jpg,921,1454,,
1103.jpg,903,1454,,
111.jpg,1637,1356,,
1111.jpg,1300,3289,,
1119.jpg,1116,1472,,
1127.jpg,1196,1916,,
1135.jpg,770,726,,
1143.jpg, X, Y ,,
1151.jpg, X, Y ,,
1159.jpg,1152,1437,,
1167.jpg,556,1712,,
1175.jpg,1356,2103,,
1183.jpg,1109,1603,,
119.jpg,974,1454,,
1191.jpg,1134,1268,,
1199.jpg,841,1437,,
1207.jpg, X, Y ,,
1215.jpg,1250,1596,,
1223.jpg,1378,2143,,
1231.jpg, X, Y ,,
1239.jpg,1648,1637,,
1247.jpg,1727,2570,,
1255.jpg,1125,1268,,
1263.jpg,2255,2300,,
127.jpg,841,2210,,
1271.jpg,1390,2963,,
1279.jpg,1561,1285,,
1287.jpg, X, Y ,,
1295.jpg,903,1134,,
1303.jpg,1125,1659,,
1311.jpg,1401,2458,,
1319.jpg,783,749,,
1327.jpg,1676,1499,,
1335.jpg,1052,1547,,
1343.jpg,1300,2132,,
135.jpg,1330,1374,,
1351.jpg,1266,1997,,
1359.jpg,1259,1508,,
1367.jpg,1694,1028,,
1375.jpg,1401,1179,,
1383.jpg,996,1761,,
1391.jpg,1010,1979,,
1399.jpg,1536,2188,,
1407.jpg,725,1303,,
1415.jpg,1312,1277,,
1423.jpg,974,1259,,
143.jpg,1019,1943,,
1431.jpg,1294,2032,,
1439.jpg,1232,2200,,
1447.jpg,1086,2997,,
1455.jpg,983,1659,,
1463.jpg,1862,2637,,
1471.jpg, X, Y ,,
1479.jpg,1010,1100,,
15.jpg,1749,2323,,
151.jpg,1277,1367,,
159.jpg,1142,3492,,
167.jpg,229,269,,
175.jpg,1161,1819,,
183.jpg,956,1934,,
191.jpg, X, Y ,,
199.jpg,1214,1321,,
207.jpg, X, Y ,,
215.jpg,1614,1637,,
223.jpg,1626,2100,,
231.jpg,1322,1772,,
239.jpg,1267,1712,,
247.jpg,1223,966,,
255.jpg,1401,1660,,
263.jpg,1259,841,,
271.jpg,1333,1412,,
279.jpg,1480,2312,,
287.jpg,1116,1072,,
295.jpg,1152,1250,,
303.jpg,1979,1717,,
31.jpg,1223,1845,,
311.jpg,1097,1480,,
319.jpg,1086,1941,,
327.jpg,1457,2160,,
335.jpg,965,1659,,
343.jpg,1390,2109,,
351.jpg,1187,1916,,
359.jpg,2046,1775,,
367.jpg,1152,2290,,
375.jpg,1267,1632,,
383.jpg,1446,2334,,
39.jpg,1423,2154,,
391.jpg,1491,2267,,
399.jpg,1356,2192,,
407.jpg,868,1223,,
415.jpg, X, Y ,,
423.jpg,1671,2851,,
431.jpg, X, Y ,,
439.jpg,1134,1792,,
447.jpg,1738,2177,,
455.jpg,734,1259,,
463.jpg,1072,1979,,
47.jpg,1019,2165,,
471.jpg,1444,937,,
479.jpg,1081,1552,,
487.jpg,1259,1392,,
495.jpg,974,1330,,
503.jpg,1131,1514,,
511.jpg,823,1214,,
519.jpg,1394,1064,,
527.jpg,1339,1650,,
535.jpg,1727,2750,,
543.jpg,1558,2772,,
55.jpg,963,2390,,
551.jpg,1693,2581,,
559.jpg,1322,1795,,
567.jpg,725,1339,,
575.jpg,1772,2223,,
58.jpg,1090,2023,,
583.jpg,1036,1072,,
59.jpg,1321,1392,,
591.jpg,1592,1783,,
599.jpg,1116,1508,,
607.jpg,965,619,,
61.jpg,1090,1152,,
615.jpg, X, Y ,,
62.jpg,1116,1783,,
623.jpg,1423,1828,,
63.jpg, X, Y ,,
631.jpg,1435,1873,,
639.jpg,1154,2300,,
647.jpg, X, Y ,,
655.jpg,1516,1090,,
663.jpg,1210,1963,,
671.jpg,1738,1143,,
679.jpg,1054,1312,,
687.jpg,1294,1321,,
695.jpg,1971,1090,,
7.jpg,1498,1516,,
703.jpg,521,823,,
71.jpg,1390,2368,,
711.jpg, X, Y ,,
719.jpg,1716,2177,,
727.jpg,1682,1750,,
735.jpg,1090,1090,,
743.jpg,1772,2424,,
751.jpg,1045,1259,,
759.jpg,1587,1259,,
767.jpg,974,1259,,
775.jpg,1276,1472,,
783.jpg,1410,1774,,
79.jpg,1491,1491,,
791.jpg,1250,1410,,
799.jpg, X, Y ,,
807.jpg,1490,1241,,
815.jpg, X, Y ,,
823.jpg,796,1694,,
831.jpg,3681,1195,,
839.jpg, X, Y ,,
847.jpg,1300,2390,,
855.jpg,1457,1093,,
863.jpg,1196,2450,,
87.jpg,1321,1623,,
871.jpg,1196,752,,
879.jpg,1513,1244,,
887.jpg,1339,1961,,
895.jpg,1704,1671,,
903.jpg,1152,1143,,
911.jpg,1704,1873,,
919.jpg,903,1357,,
927.jpg,2451,1204,,
935.jpg,1010,1810,,
943.jpg,1223,1312,,
95.jpg,1356,1374,,
951.jpg,1472,1596,,
959.jpg,1676,1845,,
967.jpg,1255,2278,,
975.jpg, X, Y ,,
983.jpg,1536,1559,,
991.jpg,1330,1845,,
999.jpg,1250,1081,,
